{"Accounting": 3.58974358974359, "Agricultural & Environmntl Sci": 3.3000000000000003, "Agricultural, Life & Environmental Sciences": 3.15, "Agriculture": 3.732835820895522, "Anatomy": 4.2749999999999995, "Anthropology": 3.427777777777777, "Art": 4.128125, "Art & Design": 3.654166666666667, "Asian Studies": 4.0600000000000005, "Athletics": 2.54, "Biochemistry": 3.5521739130434784, "Bioinformatics": 2.9, "Biological Sciences": 3.733333333333334, "Broadcast Elec Media Arts": 2.0, "Business": 3.6570469798657723, "Cell Biology": 4.0, "Chemical Engineering": 3.814285714285714, "Chemistry": 3.63918918918919, "Comparative Literature": 3.6919999999999997, "Computer Science": 3.4405063291139255, "Cultural Studies": 4.34, "Dentistry": 2.9000000000000004, "Design": 3.8600000000000003, "Dramatic Arts": 3.265957446808511, "Earth Science": 3.71969696969697, "East Asian Studies": 4.25483870967742, "Economics": 3.45047619047619, "Education": 3.653896103896104, "Electrical & Comp. Engineering": 4.041176470588235, "Engineering": 3.5480468750000016, "English": 3.726158940397348, "English As A Second Language": 4.1, "Faculty Of Extension": 4.114285714285715, "Film": 3.7666666666666675, "Film Studies": 4.35, "Finance": 3.603703703703704, "Fine Arts": 3.930434782608696, "History & Classics": 3.8638655462184888, "Human Ecology": 3.3156250000000003, "Languages": 4.017808219178083, "Law": 3.9083333333333337, "Library Science": 3.21, "Linguistics": 3.6177777777777775, "Marketing": 3.87, "Mathematics": 3.487755102040815, "Mathematics & Statistics": 3.789473684210526, "Mechanical Engineering": 3.6585365853658525, "Medicine": 3.8666666666666663, "Microbiology": 3.566666666666667, "Modern Langs. & Cult. Studies": 4.430303030303029, "Music": 4.128571428571428, "Native Studies": 3.4869565217391307, "Nursing": 3.7429824561403517, "Nutrition": 2.766666666666667, "Occupational Therapy": 2.9133333333333336, "Pathology": 5.0, "Pharmacology": 3.5461538461538464, "Pharmacy": 3.195833333333333, "Philosophy": 3.6527777777777777, "Physical Education": 3.49767441860465, "Physical Therapy": 2.75, "Physics": 3.334567901234568, "Physiology": 3.9896551724137916, "Political Science": 3.7882978723404266, "Psychology": 3.4347517730496455, "Religious Studies": 3.910909090909092, "Rural Economy": 3.85, "Science": 3.516666666666668, "Science Technology & Society": 4.3, "Sociology": 3.6974137931034488, "Statistics": 3.1857142857142855, "TA": 4.17, "Women's Studies": 4.069230769230769}